{
  "solar_output_kw": {
    "min": 0.0,
    "max": 0.09003300219774246
  },
  "consumption_kw": {
    "min": 0.013700000010430813,
    "max": 0.1785999983549118
  },
  "battery_level_kwh": {
    "min": 0.0,
    "max": 12.430000305175781
  },
  "time_sin": {
    "min": -1.0,
    "max": 1.0
  },
  "time_cos": {
    "min": -1.0,
    "max": 1.0
  }
}